correct_resp,word_label,Session,condition,duration_measured_img,duration_measured_word,Age,onset_img,rt,delay_frames_after,no,ID,Scan day,pause_trigger_t,offset_img,offset_word,Ethnicity,response,key_t,img,onset_word,word_score_pc,word,Gender,delay_frames_before,word_score_warriner,duration_frames
1,pos,1,faceWord_exp,0.3032167079800274,0.34613237500889227,12,0.9679533340095077,0.5294097079895437,120,1,TEST3,Mon,,1.271170041989535,0.8708260839921422,fDanissk,i,1.4973630419990513,image_stim_p.png,0.52469370898325,-1.7483058493195842,woman,female,180,7.09,42
0,pos,1,faceWord_exp,0.3295775419974234,0.34445358300581574,12,2.712162999989232,0.6485748340201098,120,2,TEST3,Mon,,3.0417405419866554,2.6215699999884237,fDanissk,e,3.360737834009342,image_stim_p.png,2.277116416982608,-1.1443669013398097,moral,female,180,6.85,42
1,neg,1,faceWord_exp,0.35502141699544154,0.3435120419890154,12,4.466598792001605,0.47788062499603257,180,3,TEST3,Mon,,4.821620208997047,4.392271583987167,fDanissk,e,4.944479416997638,image_stim_n.png,4.048759541998152,3.6605330306018913,tornado,female,120,3.63,42
0,neg,1,faceWord_exp,0.34295799999381416,0.36252929200418293,12,6.765209208999295,0.6454945830046199,180,4,TEST3,Mon,,7.108167208993109,6.69232733399258,fDanissk,i,7.410703792003915,image_stim_n.png,6.329798041988397,3.648586845460279,hurricane,female,120,3.16,42
0,neg,1,faceWord_exp,0.3306287919986062,0.3424409590079449,12,9.04540599999018,0.5486495420045685,120,5,TEST3,Mon,,9.376034791988786,8.958905209001387,fDanissk,i,9.594055541994749,image_stim_n.png,8.616464249993442,2.561630339716405,hospital,female,180,3.52,42
0,pos,1,faceWord_exp,0.32951195898931473,0.344978415989317,12,10.813344875001349,0.6640402089979034,120,6,TEST3,Mon,,11.142856833990663,10.725785874994472,fDanissk,e,11.477385083999252,image_stim_p.png,10.380807459005155,-2.2727319315779937,pie,female,180,6.45,42
0,pos,1,faceWord_exp,0.34400045798975043,0.34395258300355636,12,12.56490633400972,0.6126269579981454,180,7,TEST3,Mon,,12.90890679199947,12.492599249992054,fDanissk,e,13.177533292007865,image_stim_p.png,12.148646666988498,-3.2613064969771037,fun,female,120,8.37,42
0,neu,1,faceWord_exp,0.3441416670102626,0.344140208006138,12,14.832087124988902,0.42873554199468344,180,8,TEST3,Mon,,15.176228791999165,14.759317749994807,fDanissk,e,15.260822666983586,image_stim_p.png,14.415177541988669,-0.9222259722889368,beer,female,120,5.67,42
